{
  "macro_f1": 0.9914027047937432,
  "weighted_f1": 0.9920788457516173
}