{
  "macro_f1": 0.9842171336959424,
  "weighted_f1": 0.9851289969382029
}